domain,ct_search_type,ct_issuer_ca_id,ct_issuer_name,ct_not_before,ct_not_after,ct_serial_number,ct_entry_timestamp,ct_id
onlinetd.pnb.bank.in,Identity,432939,"C=BE, O=GlobalSign nv-sa, CN=GlobalSign GCC R46 EV TLS CA 2025",2026-10-03T06:56:23,2027-04-20T06:56:23,6ef0344d6774ecc10ffe7efc,,29629301817
digiyuvakaushal.pnb.bank.in,Identity,176209,"C=US, O=DigiCert Inc, CN=GeoTrust EV RSA CA G2",2026-09-27T00:00:00,2027-04-13T23:59:59,014b8cd9555844f7c02359a712697d43,,29592797942
upsi.pnb.bank.in,Identity,176209,"C=US, O=DigiCert Inc, CN=GeoTrust EV RSA CA G2",2026-09-18T00:00:00,2027-04-04T23:59:59,0ab008d927060ed33e47d8c3f341de17,,29581851843
ocm.indusind.bank.in,Identity,204411,"C=GB, O=Sectigo Limited, CN=Sectigo Public Server Authentication CA OV R36",2026-10-01T00:00:00,2027-04-17T23:59:59,1e612d233e0117ff4ab1492a2ef6d75b,,29652023477
www.ocm.indusind.bank.in,Identity,204411,"C=GB, O=Sectigo Limited, CN=Sectigo Public Server Authentication CA OV R36",2026-10-01T00:00:00,2027-04-17T23:59:59,1e612d233e0117ff4ab1492a2ef6d75b,,29652023477
credpronet.indusind.bank.in,Identity,204411,"C=GB, O=Sectigo Limited, CN=Sectigo Public Server Authentication CA OV R36",2026-09-29T00:00:00,2027-04-15T23:59:59,00b25939035fbdbc6c31c3da1a9bab457e,,29629829424
www.credpronet.indusind.bank.in,Identity,204411,"C=GB, O=Sectigo Limited, CN=Sectigo Public Server Authentication CA OV R36",2026-09-29T00:00:00,2027-04-15T23:59:59,00b25939035fbdbc6c31c3da1a9bab457e,,29629829424
credpronetvendor.indusind.bank.in,Identity,204411,"C=GB, O=Sectigo Limited, CN=Sectigo Public Server Authentication CA OV R36",2026-09-29T00:00:00,2027-04-15T23:59:59,00e5561e63a4e4fef055805e8104a0e82d,,29594413639
procollectuat.indusind.bank.in,Identity,204411,"C=GB, O=Sectigo Limited, CN=Sectigo Public Server Authentication CA OV R36",2026-09-28T00:00:00,2027-04-14T23:59:59,7f7d21422c1b6f3c019fc2161b5db44e,,29599656915
www.procollectuat.indusind.bank.in,Identity,204411,"C=GB, O=Sectigo Limited, CN=Sectigo Public Server Authentication CA OV R36",2026-09-28T00:00:00,2027-04-14T23:59:59,7f7d21422c1b6f3c019fc2161b5db44e,,29599656915
procollectuat.indusind.bank.in,Identity,204411,"C=GB, O=Sectigo Limited, CN=Sectigo Public Server Authentication CA OV R36",2026-09-28T00:00:00,2027-04-14T23:59:59,7f7d21422c1b6f3c019fc2161b5db44e,,29585859812
www.procollectuat.indusind.bank.in,Identity,204411,"C=GB, O=Sectigo Limited, CN=Sectigo Public Server Authentication CA OV R36",2026-09-28T00:00:00,2027-04-14T23:59:59,7f7d21422c1b6f3c019fc2161b5db44e,,29585859812
cfdconvoxivr.indusind.bank.in,Identity,204411,"C=GB, O=Sectigo Limited, CN=Sectigo Public Server Authentication CA OV R36",2026-09-25T00:00:00,2027-04-11T23:59:59,00ed399de9f796e4bb27eec33fd16bbf88,,29632230469
www.cfdconvoxivr.indusind.bank.in,Identity,204411,"C=GB, O=Sectigo Limited, CN=Sectigo Public Server Authentication CA OV R36",2026-09-25T00:00:00,2027-04-11T23:59:59,00ed399de9f796e4bb27eec33fd16bbf88,,29632230469
prodial.indusind.bank.in,Identity,204411,"C=GB, O=Sectigo Limited, CN=Sectigo Public Server Authentication CA OV R36",2026-09-25T00:00:00,2027-04-11T23:59:59,009686f0374d3c66b7687d7d37853d95f6,,29599396660
www.prodial.indusind.bank.in,Identity,204411,"C=GB, O=Sectigo Limited, CN=Sectigo Public Server Authentication CA OV R36",2026-09-25T00:00:00,2027-04-11T23:59:59,009686f0374d3c66b7687d7d37853d95f6,,29599396660
